Timestamp,Temperature,Humidity
2024-07-22 22:31:23,22.50,53.20
2024-07-22 22:31:25,22.50,52.90
2024-07-22 22:31:30,22.50,52.80
2024-07-22 22:31:35,22.50,52.70
2024-07-22 22:31:40,22.50,52.60
2024-07-22 22:31:45,22.50,52.60
2024-07-22 22:31:50,22.50,52.60
2024-07-22 22:31:55,22.40,52.50
2024-07-22 22:32:00,22.40,52.50
2024-07-22 22:32:05,22.40,52.50
2024-07-22 22:32:10,22.30,52.50
2024-07-22 22:32:15,22.30,52.50
2024-07-22 22:32:20,22.30,52.50
2024-07-22 22:32:25,22.30,52.40
2024-07-22 22:32:30,22.30,52.50
2024-07-22 22:32:35,22.30,52.50
2024-07-22 22:32:40,22.20,52.50
2024-07-22 22:32:45,22.20,52.40
2024-07-22 22:32:50,22.20,52.30
2024-07-22 22:32:55,22.20,52.30
2024-07-22 22:33:00,22.20,52.50
2024-07-22 22:33:05,22.20,52.50
2024-07-22 22:33:10,22.10,52.40
2024-07-22 22:33:16,22.10,52.50
2024-07-22 22:33:21,22.10,52.50
2024-07-22 22:33:26,22.10,52.60
2024-07-22 22:33:31,22.10,52.50
2024-07-22 22:33:36,22.10,52.50
2024-07-22 22:33:41,22.00,52.60
2024-07-22 22:33:46,22.00,52.60
2024-07-22 22:33:51,22.00,52.70
2024-07-22 22:33:56,22.00,52.60
2024-07-22 22:34:01,22.00,52.60
2024-07-22 22:34:06,22.00,52.60
2024-07-22 22:34:11,21.90,52.70
2024-07-22 22:34:16,21.90,52.70
2024-07-22 22:34:21,21.90,52.60
2024-07-22 22:34:26,21.90,52.60
2024-07-22 22:34:31,21.90,52.60
2024-07-22 22:34:36,21.90,52.70
2024-07-22 22:34:41,21.90,52.70
2024-07-22 22:34:46,21.90,52.80
2024-07-22 22:34:51,21.90,52.80
2024-07-22 22:34:56,21.90,52.80
2024-07-22 22:35:01,21.90,52.90
2024-07-22 22:35:06,21.90,52.90
2024-07-22 22:35:11,21.80,53.10
2024-07-22 22:35:16,21.80,53.10
2024-07-22 22:35:21,21.80,52.90
2024-07-22 22:35:26,21.80,53.00
2024-07-22 22:35:31,21.70,52.90
2024-07-22 22:35:36,21.80,52.90
2024-07-22 22:35:41,21.80,53.00
2024-07-22 22:35:46,21.70,52.90
2024-07-22 22:35:51,21.70,52.90
2024-07-22 22:35:56,21.70,52.80
2024-07-22 22:36:01,21.70,52.80
2024-07-22 22:36:06,21.70,52.90
2024-07-22 22:36:11,21.70,52.90
2024-07-22 22:36:16,21.70,53.10
2024-07-22 22:36:21,21.70,53.10
2024-07-22 22:36:26,21.70,53.00
2024-07-22 22:36:31,21.70,53.00
2024-07-22 22:36:36,21.70,53.00
2024-07-22 22:36:41,21.70,53.10
2024-07-22 22:36:46,21.70,53.00
2024-07-22 22:36:51,21.70,53.00
2024-07-22 22:36:56,21.70,53.00
2024-07-22 22:37:01,21.60,53.10
2024-07-22 22:37:06,21.60,53.10
2024-07-22 22:37:11,21.70,53.10
2024-07-22 22:37:16,21.60,53.10
2024-07-22 22:37:21,21.60,53.10
2024-07-22 22:37:26,21.60,53.10
2024-07-22 22:37:31,21.50,53.10
2024-07-22 22:37:36,21.50,53.10
2024-07-22 22:37:41,21.50,53.10
2024-07-22 22:37:46,21.50,53.00
2024-07-22 22:37:51,21.50,53.00
2024-07-22 22:37:56,21.50,53.10
2024-07-22 22:38:01,21.50,53.10
2024-07-22 22:38:06,21.50,53.20
2024-07-22 22:38:11,21.50,53.10
2024-07-22 22:38:16,21.50,53.10
2024-07-22 22:38:21,21.50,53.10
2024-07-22 22:38:26,21.50,53.20
2024-07-22 22:38:31,21.50,53.30
2024-07-22 22:38:36,21.50,53.30
2024-07-22 22:38:41,21.50,53.20
2024-07-22 22:38:46,21.50,53.30
2024-07-22 22:38:51,21.50,53.20
2024-07-22 22:38:56,21.50,53.20
2024-07-22 22:39:01,21.40,53.20
2024-07-22 22:39:06,21.40,53.20
2024-07-22 22:39:11,21.40,53.40
2024-07-22 22:39:16,21.40,53.60
2024-07-22 22:39:21,21.40,53.50
2024-07-22 22:39:26,21.40,53.30
2024-07-22 22:39:31,21.40,53.30
2024-07-22 22:39:36,21.40,53.40
2024-07-22 22:39:41,21.40,53.50
2024-07-22 22:39:46,21.30,53.60
2024-07-22 22:39:51,21.30,53.60
2024-07-22 22:39:56,21.30,53.60
2024-07-22 22:40:01,21.30,53.60
2024-07-22 22:40:06,21.30,53.60
2024-07-22 22:40:11,21.30,53.60
2024-07-22 22:40:16,21.30,53.60
2024-07-22 22:40:21,21.30,53.70
2024-07-22 22:40:26,21.30,53.70
2024-07-22 22:40:31,21.30,53.70
2024-07-22 22:40:36,21.30,54.00
2024-07-22 22:40:41,21.30,54.00
2024-07-22 22:40:46,21.30,54.00
2024-07-22 22:40:51,21.30,54.10
2024-07-22 22:40:56,21.30,54.10
2024-07-22 22:41:01,21.30,54.00
2024-07-22 22:41:06,21.30,54.00
2024-07-22 22:41:11,21.30,54.00
2024-07-22 22:41:16,21.30,54.00
2024-07-22 22:41:21,21.30,54.10
2024-07-22 22:41:26,21.30,54.10
2024-07-22 22:41:31,21.30,54.10
2024-07-22 22:41:36,21.30,54.10
2024-07-22 22:41:41,21.30,54.20
2024-07-22 22:41:46,21.30,54.20
2024-07-22 22:41:51,21.30,54.20
2024-07-22 22:41:56,21.30,54.20
2024-07-22 22:42:01,21.20,54.20
2024-07-22 22:42:06,21.20,54.20
2024-07-22 22:42:11,21.20,54.20
2024-07-22 22:42:16,21.20,54.20
2024-07-22 22:42:21,21.20,54.20
2024-07-22 22:42:26,21.20,54.30
2024-07-22 22:42:31,21.20,54.20
2024-07-22 22:42:36,21.20,54.30
2024-07-22 22:42:41,21.20,54.30
2024-07-22 22:42:46,21.20,54.30
2024-07-22 22:42:51,21.20,54.20
2024-07-22 22:42:56,21.20,54.10
2024-07-22 22:43:01,21.20,54.10
2024-07-22 22:43:06,21.10,54.10
2024-07-22 22:43:11,21.10,54.10
2024-07-22 22:43:16,21.10,54.10
2024-07-22 22:43:21,21.20,54.20
2024-07-22 22:43:26,21.10,54.30
2024-07-22 22:43:31,21.20,54.30
2024-07-22 22:43:36,21.20,54.30
2024-07-22 22:43:41,21.20,54.20
2024-07-22 22:43:46,21.10,54.20
2024-07-22 22:43:51,21.10,54.20
2024-07-22 22:43:56,21.10,54.20
2024-07-22 22:44:01,21.10,54.20
2024-07-22 22:44:06,21.10,54.20
2024-07-22 22:44:11,21.10,54.30
2024-07-22 22:44:16,21.10,54.30
2024-07-22 22:44:21,21.10,54.20
2024-07-22 22:44:26,21.10,54.20
2024-07-22 22:44:31,21.10,54.30
2024-07-22 22:44:36,21.10,54.40
2024-07-22 22:44:41,21.10,54.30
2024-07-22 22:44:46,21.10,54.30
2024-07-22 22:44:51,21.10,54.30
2024-07-22 22:44:56,21.10,54.30
2024-07-22 22:45:01,21.10,54.20
2024-07-22 22:45:06,21.20,54.20
2024-07-22 22:45:11,21.10,54.30
2024-07-22 22:45:16,21.10,54.30
2024-07-22 22:45:21,21.10,54.30
2024-07-22 22:45:26,21.10,54.20
2024-07-22 22:45:31,21.10,54.20
2024-07-22 22:45:37,21.10,54.10
2024-07-22 22:45:42,21.10,54.20
2024-07-22 22:45:47,21.10,54.20
2024-07-22 22:45:52,21.10,54.20
2024-07-22 22:45:57,21.10,54.10
2024-07-22 22:46:02,21.10,54.10
2024-07-22 22:46:07,21.10,54.10
2024-07-22 22:46:12,21.10,54.10
2024-07-22 22:46:17,21.10,54.20
2024-07-22 22:46:22,21.10,54.20
2024-07-22 22:46:27,21.10,54.20
2024-07-22 22:46:32,21.10,54.20
2024-07-22 22:46:37,21.10,54.20
2024-07-22 22:46:42,21.10,54.30
2024-07-22 22:46:47,21.10,54.30
2024-07-22 22:46:52,21.10,54.30
2024-07-22 22:46:57,21.10,54.30
2024-07-22 22:47:02,21.10,54.40
2024-07-22 22:47:07,21.10,54.30
2024-07-22 22:47:12,21.10,54.20
2024-07-22 22:47:17,21.10,54.20
2024-07-22 22:47:22,21.10,54.20
2024-07-22 22:47:27,21.10,54.20
2024-07-22 22:47:32,21.10,54.20
2024-07-22 22:47:37,21.10,54.20
2024-07-22 22:47:42,21.10,54.20
2024-07-22 22:47:47,21.10,54.30
2024-07-22 22:47:52,21.10,54.30
2024-07-22 22:47:57,21.10,54.20
2024-07-22 22:48:02,21.10,54.20
2024-07-22 22:48:07,21.10,54.20
2024-07-22 22:48:12,21.10,54.30
2024-07-22 22:48:17,21.10,54.30
2024-07-22 22:48:22,21.10,54.30
2024-07-22 22:48:27,21.10,54.30
2024-07-22 22:48:32,21.10,54.30
2024-07-22 22:48:37,21.10,54.30
2024-07-22 22:48:42,21.10,54.30
2024-07-22 22:48:47,21.10,54.30
2024-07-22 22:48:52,21.10,54.40
2024-07-22 22:48:57,21.10,54.40
2024-07-22 22:49:02,21.10,54.40
2024-07-22 22:49:07,21.10,54.40
2024-07-22 22:49:12,21.10,54.30
2024-07-22 22:49:17,21.10,54.40
2024-07-22 22:49:22,21.10,54.40
2024-07-22 22:49:27,21.10,54.40
2024-07-22 22:49:32,21.10,54.40
2024-07-22 22:49:37,21.10,54.40
2024-07-22 22:49:42,21.10,54.30
2024-07-22 22:49:47,21.10,54.30
2024-07-22 22:49:52,21.10,54.20
2024-07-22 22:49:57,21.10,54.30
2024-07-22 22:50:02,21.10,54.30
2024-07-22 22:50:07,21.10,54.30
2024-07-22 22:50:12,21.10,54.30
2024-07-22 22:50:17,21.10,54.30
2024-07-22 22:50:22,21.10,54.30
2024-07-22 22:50:27,21.10,54.30
2024-07-22 22:50:32,21.10,54.30
2024-07-22 22:50:37,21.10,54.30
2024-07-22 22:50:42,21.10,54.30
2024-07-22 22:50:47,21.10,54.30
2024-07-22 22:50:52,21.10,54.30
2024-07-22 22:50:57,21.10,54.20
2024-07-22 22:51:02,21.10,54.20
2024-07-22 22:51:07,21.10,54.20
2024-07-22 22:51:12,21.10,54.20
2024-07-22 22:51:17,21.10,54.30
2024-07-22 22:51:22,21.10,54.30
2024-07-22 22:51:27,21.10,54.30
2024-07-22 22:51:32,21.10,54.30
2024-07-22 22:51:37,21.10,54.40
2024-07-22 22:51:42,21.10,54.40
2024-07-22 22:51:47,21.10,54.40
2024-07-22 22:51:52,21.10,54.40
2024-07-22 22:51:57,21.10,54.30
2024-07-22 22:52:02,21.10,54.30
2024-07-22 22:52:07,21.10,54.30
2024-07-22 22:52:12,21.10,54.30
2024-07-22 22:52:17,21.10,54.30
2024-07-22 22:52:22,21.10,54.30
2024-07-22 22:52:27,21.10,54.30
2024-07-22 22:52:32,21.10,54.40
2024-07-22 22:52:37,21.10,54.40
2024-07-22 22:52:42,21.10,54.40
2024-07-22 22:52:47,21.10,54.40
2024-07-22 22:52:52,21.10,54.40
2024-07-22 22:52:57,21.10,54.40
2024-07-22 22:53:02,21.10,54.40
2024-07-22 22:53:07,21.10,54.40
2024-07-22 22:53:12,21.10,54.50
2024-07-22 22:53:17,21.10,54.50
2024-07-22 22:53:22,21.10,54.50
2024-07-22 22:53:27,21.10,54.40
2024-07-22 22:53:32,21.10,54.40
2024-07-22 22:53:37,21.10,54.40
2024-07-22 22:53:42,21.10,54.60
2024-07-22 22:53:47,21.10,54.70
2024-07-22 22:53:52,21.10,54.70
2024-07-22 22:53:57,21.10,54.60
2024-07-22 22:54:02,21.10,54.40
2024-07-22 22:54:07,21.10,54.40
2024-07-22 22:54:12,21.10,54.40
2024-07-22 22:54:17,21.10,54.40
2024-07-22 22:54:22,21.10,54.30
2024-07-22 22:54:27,21.10,54.40
2024-07-22 22:54:32,21.10,54.40
2024-07-22 22:54:37,21.10,54.40
2024-07-22 22:54:42,21.10,54.40
2024-07-22 22:54:47,21.00,54.40
2024-07-22 22:54:52,21.00,54.50
2024-07-22 22:54:57,21.00,54.50
2024-07-22 22:55:02,21.00,54.50
2024-07-22 22:55:07,21.00,54.50
2024-07-22 22:55:12,21.00,54.50
2024-07-22 22:55:17,21.00,54.50
2024-07-22 22:55:22,21.00,54.50
2024-07-22 22:55:27,21.00,54.50
2024-07-22 22:55:32,21.00,54.50
2024-07-22 22:55:37,21.00,54.50
2024-07-22 22:55:42,21.00,54.50
2024-07-22 22:55:47,21.00,54.50
2024-07-22 22:55:52,21.00,54.50
2024-07-22 22:55:57,21.00,54.60
2024-07-22 22:56:02,21.00,54.60
2024-07-22 22:56:07,21.00,54.60
2024-07-22 22:56:12,21.00,54.50
2024-07-22 22:56:17,21.00,54.50
2024-07-22 22:56:22,21.00,54.50
2024-07-22 22:56:27,21.00,54.50
2024-07-22 22:56:32,21.00,54.50
2024-07-22 22:56:37,21.00,54.50
2024-07-22 22:56:42,21.00,54.60
2024-07-22 22:56:47,21.00,54.50
2024-07-22 22:56:52,20.90,54.60
2024-07-22 22:56:57,21.00,54.60
2024-07-22 22:57:02,20.90,54.60
2024-07-22 22:57:07,21.00,54.60
2024-07-22 22:57:12,21.00,54.50
2024-07-22 22:57:17,21.00,54.50
2024-07-22 22:57:22,20.90,54.50
2024-07-22 22:57:27,21.00,54.50
2024-07-22 22:57:32,20.90,54.50
2024-07-22 22:57:37,21.00,54.50
2024-07-22 22:57:43,21.00,54.50
2024-07-22 22:57:48,21.00,54.50
2024-07-22 22:57:53,21.00,54.50
2024-07-22 22:57:58,21.00,54.50
2024-07-22 22:58:03,20.90,54.50
2024-07-22 22:58:08,20.90,54.50
2024-07-22 22:58:13,21.00,54.50
2024-07-22 22:58:18,21.00,54.50
2024-07-22 22:58:23,20.90,54.50
2024-07-22 22:58:28,20.90,54.50
2024-07-22 22:58:33,21.00,54.50
2024-07-22 22:58:38,20.90,54.50
2024-07-22 22:58:43,20.90,54.50
2024-07-22 22:58:48,20.90,54.40
2024-07-22 22:58:53,21.00,54.50
2024-07-22 22:58:58,20.90,54.50
2024-07-22 22:59:03,20.90,54.50
2024-07-22 22:59:08,20.90,54.50
2024-07-22 22:59:13,21.00,54.50
2024-07-22 22:59:18,20.90,54.50
2024-07-22 22:59:23,21.00,54.50
2024-07-22 22:59:28,21.00,54.50
2024-07-22 22:59:33,20.90,54.50
2024-07-22 22:59:38,21.00,54.50
2024-07-22 22:59:43,21.00,54.50
2024-07-22 22:59:48,21.00,54.50
2024-07-22 22:59:53,21.00,54.50
2024-07-22 22:59:58,20.90,54.50
2024-07-22 23:00:03,20.90,54.50
2024-07-22 23:00:08,21.00,54.60
2024-07-22 23:00:13,20.90,54.60
2024-07-22 23:00:18,21.00,54.60
2024-07-22 23:00:23,21.00,54.60
2024-07-22 23:00:28,21.00,54.60
2024-07-22 23:00:33,20.90,54.50
2024-07-22 23:00:38,21.00,54.40
2024-07-22 23:00:43,20.90,54.40
2024-07-22 23:00:48,21.00,54.50
2024-07-22 23:00:53,21.00,54.50
2024-07-22 23:00:58,21.00,54.50
2024-07-22 23:01:03,21.00,54.50
2024-07-22 23:01:08,21.00,54.40
2024-07-22 23:01:13,21.00,54.40
2024-07-22 23:01:18,20.90,54.30
2024-07-22 23:01:23,20.90,54.30
2024-07-22 23:01:28,20.90,54.30
2024-07-22 23:01:33,21.00,54.30
2024-07-22 23:01:38,20.90,54.30
2024-07-22 23:01:43,21.00,54.30
2024-07-22 23:01:48,20.90,54.20
2024-07-22 23:01:53,20.90,54.30
2024-07-22 23:01:58,20.90,54.30
2024-07-22 23:02:03,20.90,54.30
2024-07-22 23:02:08,20.90,54.40
2024-07-22 23:02:13,20.90,54.40
2024-07-22 23:02:18,20.90,54.40
2024-07-22 23:02:23,20.90,54.40
2024-07-22 23:02:28,20.90,54.40
2024-07-22 23:02:33,20.90,54.40
2024-07-22 23:02:38,20.90,54.40
2024-07-22 23:02:43,20.90,54.40
2024-07-22 23:02:48,20.90,54.40
2024-07-22 23:02:53,20.90,54.50
2024-07-22 23:02:58,20.90,54.40
2024-07-22 23:03:03,20.90,54.50
2024-07-22 23:03:08,20.90,54.50
2024-07-22 23:03:13,20.90,54.60
2024-07-22 23:03:18,20.90,54.60
2024-07-22 23:03:23,20.90,54.60
2024-07-22 23:03:28,20.90,54.60
2024-07-22 23:03:33,20.90,54.60
2024-07-22 23:03:38,20.90,54.70
2024-07-22 23:03:43,20.90,54.70
2024-07-22 23:03:48,20.90,54.60
2024-07-22 23:03:53,20.90,54.60
2024-07-22 23:03:58,20.90,54.60
2024-07-22 23:04:03,20.90,54.60
2024-07-22 23:04:08,20.90,54.70
2024-07-22 23:04:13,20.90,54.60
2024-07-22 23:04:18,21.00,54.50
2024-07-22 23:04:23,21.00,54.50
2024-07-22 23:04:28,21.00,54.40
2024-07-22 23:04:33,21.00,54.40
2024-07-22 23:04:38,21.00,54.40
2024-07-22 23:04:43,21.00,54.50
2024-07-22 23:04:48,21.00,54.50
2024-07-22 23:04:53,21.00,54.50
2024-07-22 23:04:58,21.00,54.60
2024-07-22 23:05:03,21.00,54.50
2024-07-22 23:05:08,21.00,54.50
2024-07-22 23:05:13,21.00,54.40
2024-07-22 23:05:18,21.00,54.40
2024-07-22 23:05:23,21.00,54.40
2024-07-22 23:05:28,21.00,54.40
2024-07-22 23:05:33,21.00,54.40
2024-07-22 23:05:38,21.00,54.40
2024-07-22 23:05:43,21.00,54.30
2024-07-22 23:05:48,20.90,54.30
2024-07-22 23:05:53,20.90,54.30
2024-07-22 23:05:58,20.90,54.30
2024-07-22 23:06:03,20.90,54.20
2024-07-22 23:06:08,20.90,54.20
2024-07-22 23:06:13,20.90,54.30
2024-07-22 23:06:18,20.80,54.40
2024-07-22 23:06:23,20.90,54.50
2024-07-22 23:06:28,20.80,54.60
2024-07-22 23:06:33,20.80,54.60
2024-07-22 23:06:38,20.80,54.70
2024-07-22 23:06:43,20.80,54.60
2024-07-22 23:06:48,20.80,54.60
2024-07-22 23:06:53,20.80,54.60
2024-07-22 23:06:58,20.80,54.60
2024-07-22 23:07:03,20.70,54.70
2024-07-22 23:07:08,20.80,54.70
2024-07-22 23:07:13,20.70,54.70
2024-07-22 23:07:18,20.70,54.70
2024-07-22 23:07:23,20.70,54.70
2024-07-22 23:07:28,20.70,54.80
2024-07-22 23:07:33,20.70,54.80
2024-07-22 23:07:38,20.70,54.80
2024-07-22 23:07:43,20.70,54.80
2024-07-22 23:07:48,20.70,54.80
2024-07-22 23:07:53,20.70,54.70
2024-07-22 23:07:58,20.70,54.80
2024-07-22 23:08:03,20.70,54.80
2024-07-22 23:08:08,20.80,54.80
2024-07-22 23:08:13,20.70,54.90
2024-07-22 23:08:18,20.90,54.30
2024-07-22 23:11:39,21.00,54.40
2024-07-22 23:11:44,20.90,54.50
2024-07-22 23:11:49,20.90,54.50
2024-07-22 23:11:54,21.00,54.50
2024-07-22 23:11:59,21.00,54.70
2024-07-22 23:12:04,21.00,54.80
2024-07-22 23:12:09,21.00,54.80
2024-07-22 23:12:14,20.90,54.90
2024-07-22 23:12:19,21.00,55.30
2024-07-22 23:12:24,21.00,55.20
2024-07-22 23:15:24,21.00,55.50
2024-07-22 23:15:29,21.00,56.50
2024-07-22 23:15:34,21.00,56.50
2024-07-22 23:15:39,21.10,56.40
2024-07-22 23:15:44,21.10,56.90
2024-07-22 23:15:49,21.10,58.50
2024-07-22 23:15:54,21.10,57.90
2024-07-22 23:15:59,21.10,56.40
2024-07-22 23:16:04,21.20,55.70
2024-07-22 23:16:09,21.20,55.20
2024-07-22 23:16:14,21.20,55.40
2024-07-22 23:16:19,21.30,56.40
2024-07-22 23:16:24,21.30,55.90
2024-07-22 23:16:29,21.30,55.30
2024-07-22 23:16:34,21.30,55.10
2024-07-22 23:16:39,21.30,55.00
2024-07-22 23:16:44,21.40,55.00
2024-07-22 23:16:49,21.30,54.80
2024-07-22 23:16:54,21.30,54.70
2024-07-22 23:16:59,21.40,54.60
2024-07-22 23:17:04,21.30,56.60
2024-07-22 23:17:09,21.40,56.40
2024-07-22 23:17:14,21.40,55.40
2024-07-22 23:17:19,21.40,55.00
2024-07-22 23:17:24,21.40,55.00
2024-07-22 23:17:29,21.40,54.90
2024-07-22 23:17:34,21.40,54.60
2024-07-22 23:17:39,21.40,54.50
2024-07-22 23:17:44,21.40,54.40
2024-07-22 23:17:49,21.40,54.40
2024-07-22 23:17:54,21.40,54.40
2024-07-22 23:17:59,21.40,54.40
2024-07-22 23:18:04,21.40,54.40
2024-07-22 23:18:09,21.40,54.40
2024-07-22 23:18:14,21.40,54.40
2024-07-22 23:18:19,21.40,54.30
2024-07-22 23:18:24,21.40,54.20
2024-07-22 23:18:29,21.40,54.20
2024-07-22 23:18:34,21.40,54.10
2024-07-22 23:18:39,21.40,54.10
2024-07-22 23:18:44,21.40,54.10
2024-07-22 23:18:49,21.40,54.10
2024-07-22 23:18:54,21.40,54.00
2024-07-22 23:18:59,21.40,54.10
2024-07-22 23:19:04,21.40,54.20
2024-07-22 23:19:09,21.40,54.30
2024-07-22 23:19:14,21.40,54.10
2024-07-22 23:19:19,21.30,54.00
2024-07-22 23:19:24,21.40,54.00
2024-07-22 23:19:29,21.30,54.10
2024-07-22 23:19:34,21.30,55.40
2024-07-22 23:19:39,21.30,56.10
2024-07-22 23:19:44,21.30,55.60
2024-07-22 23:19:49,21.30,55.50
2024-07-22 23:19:54,21.30,55.30
2024-07-22 23:19:59,21.30,55.20
2024-07-22 23:20:04,21.30,55.20
2024-07-22 23:20:09,21.30,55.10
2024-07-22 23:20:14,21.40,54.90
2024-07-22 23:20:19,21.40,54.80
2024-07-22 23:20:24,21.40,54.80
2024-07-22 23:20:29,21.40,54.80
2024-07-22 23:20:34,21.40,54.70
2024-07-22 23:20:39,21.40,54.60
2024-07-22 23:20:44,21.40,54.50
2024-07-22 23:20:49,21.40,54.50
2024-07-22 23:20:54,21.40,54.40
2024-07-22 23:20:59,21.40,54.40
2024-07-22 23:21:04,21.40,54.30
2024-07-22 23:21:09,21.40,54.40
2024-07-22 23:21:14,21.40,54.40
2024-07-22 23:21:19,21.40,54.40
2024-07-22 23:21:24,21.40,54.20
2024-07-22 23:21:29,21.40,54.30
2024-07-22 23:21:35,21.40,54.30
2024-07-22 23:21:40,21.40,54.30
2024-07-22 23:21:45,21.40,54.30
2024-07-22 23:21:50,21.40,54.30
2024-07-22 23:21:55,21.40,54.30
2024-07-22 23:22:00,21.40,54.30
2024-07-22 23:22:05,21.40,54.20
2024-07-22 23:22:10,21.40,54.10
2024-07-22 23:22:15,21.40,54.10
2024-07-22 23:22:20,21.40,54.10
2024-07-22 23:22:25,21.40,54.10
2024-07-22 23:22:30,21.40,54.10
2024-07-22 23:22:35,21.40,54.10
2024-07-22 23:22:40,21.40,54.10
2024-07-22 23:22:45,21.40,54.10
2024-07-22 23:22:50,21.40,54.10
2024-07-22 23:22:55,21.40,54.10
2024-07-22 23:23:00,21.40,54.10
2024-07-22 23:23:05,21.40,54.10
2024-07-22 23:23:10,21.40,54.10
2024-07-22 23:23:15,21.40,54.00
2024-07-22 23:23:20,21.40,54.10
2024-07-22 23:23:25,21.40,54.00
2024-07-22 23:23:30,21.40,54.10
2024-07-22 23:23:35,21.50,54.00
2024-07-22 23:23:40,21.40,54.00
2024-07-22 23:23:45,21.40,54.00
2024-07-22 23:23:50,21.50,54.00
2024-07-22 23:23:55,21.40,54.00
2024-07-22 23:24:00,21.40,54.00
2024-07-22 23:24:05,21.40,54.00
2024-07-22 23:24:10,21.50,54.00
2024-07-22 23:24:15,21.50,54.00
2024-07-22 23:24:20,21.40,54.00
2024-07-22 23:24:25,21.40,54.00
2024-07-22 23:24:30,21.40,53.90
2024-07-22 23:24:35,21.40,54.00
2024-07-22 23:24:40,21.40,54.00
2024-07-22 23:24:45,21.40,54.00
2024-07-22 23:24:50,21.40,54.00
2024-07-22 23:24:55,21.40,54.00
2024-07-22 23:25:00,21.40,54.10
2024-07-22 23:25:05,21.40,54.10
2024-07-22 23:25:10,21.40,54.10
2024-07-22 23:25:15,21.40,54.00
2024-07-22 23:25:20,21.40,54.10
2024-07-22 23:25:25,21.40,54.00
2024-07-22 23:25:30,21.40,54.10
2024-07-22 23:25:35,21.40,54.00
2024-07-22 23:25:40,21.40,54.00
2024-07-22 23:25:45,21.40,54.00
2024-07-22 23:25:50,21.40,53.90
2024-07-22 23:25:55,21.40,54.00
2024-07-22 23:26:00,21.40,54.00
2024-07-22 23:26:05,21.40,53.90
2024-07-22 23:26:10,21.40,53.90
2024-07-22 23:26:15,21.40,53.90
2024-07-22 23:26:20,21.40,54.00
2024-07-22 23:26:25,21.40,54.00
2024-07-22 23:26:30,21.40,53.90
2024-07-22 23:26:35,21.30,53.90
2024-07-22 23:26:40,21.40,54.00
2024-07-22 23:26:45,21.30,54.00
2024-07-22 23:26:50,21.40,54.00
2024-07-22 23:26:55,21.30,54.00
2024-07-22 23:27:00,21.40,53.90
2024-07-22 23:27:05,21.40,53.90
2024-07-22 23:27:10,21.30,53.90
2024-07-22 23:27:15,21.30,54.00
2024-07-22 23:27:20,21.30,54.00
2024-07-22 23:27:25,21.30,54.00
2024-07-22 23:27:30,21.30,54.00
2024-07-22 23:27:35,21.40,54.20
2024-07-22 23:27:40,21.40,54.40
2024-07-22 23:27:45,21.40,54.60
2024-07-22 23:27:50,21.30,54.70
2024-07-22 23:27:55,21.30,54.70
2024-07-22 23:28:00,21.40,54.60
2024-07-22 23:28:05,21.40,54.50
2024-07-22 23:28:10,21.40,54.40
2024-07-22 23:28:15,21.40,54.60
2024-07-22 23:28:20,21.40,54.70
2024-07-22 23:28:25,21.40,54.60
2024-07-22 23:28:30,21.40,54.30
2024-07-22 23:28:35,21.40,54.30
2024-07-22 23:28:40,21.40,54.20
2024-07-22 23:28:45,21.40,54.10
2024-07-22 23:28:50,21.40,54.30
2024-07-22 23:28:55,21.40,54.30
2024-07-22 23:29:00,21.40,54.30
2024-07-22 23:29:05,21.40,54.30
2024-07-22 23:29:10,21.40,54.30
2024-07-22 23:29:15,21.40,54.40
2024-07-22 23:29:20,21.40,54.30
2024-07-22 23:29:25,21.40,54.30
2024-07-22 23:29:30,21.40,54.20
2024-07-22 23:29:35,21.40,54.20
2024-07-22 23:29:40,21.40,54.20
2024-07-22 23:29:45,21.40,54.20
2024-07-22 23:29:50,21.40,54.20
2024-07-22 23:29:55,21.40,54.10
2024-07-22 23:30:00,21.40,54.10
2024-07-22 23:30:05,21.40,54.10
2024-07-22 23:30:10,21.40,54.20
2024-07-22 23:30:15,21.40,54.20
2024-07-22 23:30:20,21.40,54.10
2024-07-22 23:30:25,21.40,54.00
2024-07-22 23:30:30,21.40,54.00
2024-07-22 23:30:35,21.40,54.00
2024-07-22 23:30:40,21.40,54.00
2024-07-22 23:30:45,21.40,53.90
2024-07-22 23:30:50,21.40,53.90
2024-07-22 23:30:55,21.40,53.90
2024-07-22 23:31:00,21.40,53.90
2024-07-22 23:31:05,21.40,53.90
2024-07-22 23:31:10,21.40,53.90
2024-07-22 23:31:15,21.30,53.90
2024-07-22 23:31:20,21.40,53.90
2024-07-22 23:31:25,21.30,53.80
2024-07-22 23:31:30,21.40,53.80
2024-07-22 23:31:35,21.30,53.80
2024-07-22 23:31:40,21.30,53.80
2024-07-22 23:31:45,21.30,53.90
2024-07-22 23:31:50,21.30,53.90
2024-07-22 23:31:55,21.30,53.90
2024-07-22 23:32:00,21.30,53.90
2024-07-22 23:32:05,21.30,53.90
2024-07-22 23:32:10,21.30,53.90
2024-07-22 23:32:15,21.30,53.90
2024-07-22 23:32:20,21.30,53.90
2024-07-22 23:32:25,21.30,53.90
2024-07-22 23:32:30,21.30,53.90
2024-07-22 23:32:35,21.30,53.80
2024-07-22 23:32:40,21.30,53.90
2024-07-22 23:32:45,21.30,53.90
2024-07-22 23:32:50,21.30,53.80
2024-07-22 23:32:55,21.30,53.80
2024-07-22 23:33:00,21.30,53.80
2024-07-22 23:33:05,21.30,53.80
2024-07-22 23:33:10,21.30,53.80
2024-07-22 23:33:15,21.30,53.70
2024-07-22 23:33:20,21.30,53.80
2024-07-22 23:33:25,21.30,53.90
2024-07-22 23:33:30,21.30,53.90
2024-07-22 23:33:35,21.30,53.80
2024-07-22 23:33:40,21.30,53.70
2024-07-22 23:33:46,21.30,53.90
2024-07-22 23:33:51,21.30,53.80
2024-07-22 23:33:56,21.20,54.10
2024-07-22 23:34:01,21.30,54.20
2024-07-22 23:34:06,21.20,54.00
2024-07-22 23:34:11,21.20,54.00
2024-07-22 23:34:16,21.20,54.00
2024-07-22 23:34:21,21.30,54.00
2024-07-22 23:34:26,21.20,54.00
2024-07-22 23:34:31,21.30,54.00
2024-07-22 23:34:36,21.20,54.00
2024-07-22 23:34:41,21.20,54.00
2024-07-22 23:34:46,21.20,53.90
2024-07-22 23:34:51,21.20,54.00
2024-07-22 23:34:56,21.30,53.90
2024-07-22 23:35:01,21.20,53.90
2024-07-22 23:35:06,21.30,53.90
2024-07-22 23:35:11,21.30,53.80
2024-07-22 23:35:16,21.30,53.80
2024-07-22 23:35:21,21.20,53.80
2024-07-23 01:10:25,19.70,55.50
2024-07-23 01:10:26,19.70,55.40
2024-07-23 01:10:31,19.70,55.60
2024-07-23 01:10:36,19.70,55.50
2024-07-23 01:10:41,19.70,55.30
2024-07-23 01:10:46,19.70,55.40
2024-07-23 01:10:51,19.70,55.30
2024-07-23 01:10:56,19.70,55.30
2024-07-23 01:11:01,19.70,55.20
2024-07-23 01:11:06,19.70,55.50
2024-07-23 01:11:11,19.70,55.30
2024-07-23 01:11:16,19.70,55.20
2024-07-23 01:11:21,19.70,55.50
2024-07-23 01:11:26,19.70,55.30
2024-07-23 01:11:31,19.70,55.30
2024-07-23 01:11:36,19.70,55.20
2024-07-23 01:11:41,19.70,55.50
2024-07-23 01:11:46,19.70,55.40
2024-07-23 01:11:51,19.70,55.30
2024-07-23 01:11:56,19.80,55.40
2024-07-23 01:12:01,19.80,55.30
2024-07-23 01:12:06,19.80,55.20
2024-07-23 01:12:11,19.80,55.30
2024-07-23 01:12:16,19.80,55.30
2024-07-23 01:12:21,19.80,55.20
2024-07-23 01:12:26,19.80,55.20
2024-07-23 01:12:31,19.80,55.50
2024-07-23 01:12:36,19.80,55.30
2024-07-23 01:12:41,19.80,55.20
2024-07-23 01:12:46,19.80,55.20
2024-07-23 01:12:51,19.80,55.20
2024-07-23 01:12:56,19.80,55.10
2024-07-23 01:13:01,19.80,55.10
2024-07-23 01:13:06,19.80,55.20
2024-07-23 01:13:11,19.80,55.40
2024-07-23 01:13:16,19.80,55.20
2024-07-23 01:13:21,19.80,55.10
2024-07-23 01:13:26,19.80,55.20
2024-07-23 01:13:31,19.80,55.10
2024-07-23 01:13:36,19.80,55.10
2024-07-23 01:13:41,19.80,55.20
2024-07-23 01:13:46,19.80,55.10
2024-07-23 01:13:51,19.80,55.10
2024-07-23 01:13:56,19.80,55.10
2024-07-23 01:14:01,19.80,55.30
2024-07-23 01:14:06,19.80,55.20
2024-07-23 01:14:11,19.80,55.10
2024-07-23 01:14:16,19.80,55.20
2024-07-23 01:14:21,19.80,55.30
2024-07-23 01:14:26,19.80,55.20
2024-07-23 01:14:31,19.80,55.20
2024-07-23 01:14:36,19.80,55.20
2024-07-23 01:14:41,19.80,55.20
2024-07-23 01:14:46,19.80,55.20
2024-07-23 01:14:51,19.80,55.30
2024-07-23 01:14:56,19.80,55.30
2024-07-23 01:15:01,19.80,55.20
2024-07-23 01:15:06,19.90,55.20
2024-07-23 01:15:11,19.80,55.50
2024-07-23 01:15:16,19.90,55.30
2024-07-23 01:15:21,19.90,55.20
2024-07-23 01:15:26,19.90,55.40
2024-07-23 01:15:31,19.90,55.20
2024-07-23 01:15:36,19.80,55.10
2024-07-23 01:15:41,19.90,55.10
2024-07-23 01:15:46,19.90,55.40
2024-07-23 01:15:51,19.90,55.20
2024-07-23 01:15:56,19.90,55.20
2024-07-23 01:16:01,19.90,55.40
2024-07-23 01:16:06,19.90,55.30
2024-07-23 01:16:11,19.90,55.20
2024-07-23 01:16:16,19.90,55.30
2024-07-23 01:16:21,19.90,55.50
2024-07-23 01:16:26,19.90,55.30
2024-07-23 01:16:31,19.90,55.20
2024-07-23 01:16:36,19.90,55.30
2024-07-23 01:16:41,19.90,55.20
2024-07-23 01:16:46,19.90,55.20
2024-07-23 01:16:51,19.90,55.20
2024-07-23 01:16:56,19.90,55.40
2024-07-23 01:17:01,19.90,55.20
2024-07-23 01:17:06,19.90,55.10
2024-07-23 01:17:11,19.90,55.00
2024-07-23 01:17:16,19.90,55.10
2024-07-23 01:17:21,19.90,55.10
2024-07-23 01:17:26,19.90,55.10
2024-07-23 01:17:31,19.90,55.20
2024-07-23 01:17:36,19.90,55.10
2024-07-23 01:17:41,19.90,55.10
2024-07-23 01:17:46,19.90,55.20
2024-07-23 01:17:51,19.90,55.20
2024-07-23 01:17:56,19.90,55.10
2024-07-23 01:18:01,20.00,55.10
2024-07-23 01:18:06,20.00,55.30
2024-07-23 01:18:11,20.00,55.10
2024-07-23 01:18:16,19.90,55.10
2024-07-23 01:18:21,20.00,55.10
2024-07-23 01:18:26,20.00,55.00
2024-07-23 01:18:31,20.00,55.00
2024-07-23 01:18:36,20.00,55.10
2024-07-23 01:18:41,20.00,55.10
2024-07-23 01:18:46,20.00,55.00
2024-07-23 01:18:51,20.00,55.00
2024-07-23 01:18:56,20.00,55.30
2024-07-23 01:19:01,20.00,55.10
2024-07-23 01:19:06,20.00,55.00
2024-07-23 01:19:11,20.00,55.20
2024-07-23 01:19:16,20.00,55.10
2024-07-23 01:19:21,20.00,54.90
2024-07-23 01:19:26,20.00,54.90
2024-07-23 01:19:31,20.00,55.00
2024-07-23 01:19:36,20.00,55.00
2024-07-23 01:19:41,20.00,55.00
2024-07-23 01:19:46,20.00,55.10
2024-07-23 01:19:51,20.00,55.30
2024-07-23 01:19:56,20.00,55.00
2024-07-23 01:20:01,20.00,55.10
2024-07-23 01:20:06,20.00,55.00
2024-07-23 01:20:11,19.90,54.90
2024-07-23 01:20:16,19.90,55.00
2024-07-23 01:20:21,19.90,55.00
2024-07-23 01:20:26,19.90,55.00
2024-07-23 01:20:31,20.00,55.00
2024-07-23 01:20:36,19.90,55.00
2024-07-23 01:20:41,19.90,55.00
2024-07-23 01:20:46,19.90,55.10
2024-07-23 01:20:51,19.90,55.10
2024-07-23 01:20:56,19.90,55.10
2024-07-23 01:21:01,19.90,55.10
2024-07-23 01:21:06,19.90,55.10
2024-07-23 01:21:11,19.90,55.20
2024-07-23 01:21:16,19.90,55.10
2024-07-23 01:21:21,19.90,55.10
2024-07-23 01:21:26,19.90,55.00
2024-07-23 01:21:31,19.90,55.10
2024-07-23 01:21:36,19.90,55.10
2024-07-23 01:21:41,19.90,55.00
2024-07-23 01:21:46,19.90,55.00
2024-07-23 01:21:51,19.90,55.00
2024-07-23 01:21:56,19.90,55.00
2024-07-23 01:22:01,19.90,55.00
2024-07-23 01:22:06,19.90,55.20
2024-07-23 01:22:11,19.90,55.10
2024-07-23 01:22:16,19.90,55.10
2024-07-23 01:22:21,19.90,55.10
2024-07-23 01:22:26,19.90,55.10
2024-07-23 01:22:31,19.90,55.00
2024-07-23 01:22:36,19.90,55.00
2024-07-23 01:22:41,19.90,55.00
2024-07-23 01:22:46,19.90,55.00
2024-07-23 01:22:52,19.90,54.90
2024-07-23 01:22:57,19.90,55.00
2024-07-23 01:23:02,19.90,55.00
2024-07-23 01:23:07,19.90,54.90
2024-07-23 01:23:12,19.90,54.90
2024-07-23 01:23:17,19.90,55.10
2024-07-23 01:23:22,19.90,55.00
2024-07-23 01:23:27,19.90,54.90
2024-07-23 01:23:32,19.90,55.10
2024-07-23 01:23:37,19.90,55.20
2024-07-23 01:23:42,19.90,55.20
2024-07-23 01:23:47,19.90,55.10
2024-07-23 01:23:52,19.90,55.20
2024-07-23 01:23:57,19.90,55.10
2024-07-23 01:24:02,19.90,55.10
2024-07-23 01:24:07,19.90,55.10
2024-07-23 01:24:12,19.90,55.00
2024-07-23 01:24:17,19.90,55.00
2024-07-23 01:24:22,20.00,55.00
2024-07-23 01:24:27,20.00,55.20
2024-07-23 01:24:32,19.90,55.00
2024-07-23 01:24:37,19.90,54.90
2024-07-23 01:24:42,19.90,55.00
2024-07-23 01:24:47,19.90,55.00
2024-07-23 01:24:52,19.90,54.90
2024-07-23 01:24:57,19.90,54.90
2024-07-23 01:25:02,19.90,55.00
2024-07-23 01:25:07,19.90,54.90
2024-07-23 01:25:12,19.90,54.90
2024-07-23 01:25:17,19.90,55.10
2024-07-23 01:25:22,19.90,55.00
2024-07-23 01:25:27,19.90,55.00
2024-07-23 01:25:32,20.00,55.10
2024-07-23 01:25:37,19.90,55.10
2024-07-23 01:25:42,19.90,55.00
2024-07-23 01:25:47,19.90,55.00
2024-07-23 01:25:52,19.90,55.30
2024-07-23 01:25:57,19.90,55.10
2024-07-23 01:26:02,20.00,55.00
2024-07-23 01:26:07,20.00,55.10
2024-07-23 01:26:12,19.90,55.10
2024-07-23 01:26:17,20.00,55.00
2024-07-23 01:26:22,20.00,55.00